{"loss": [1.3679852485656738, 0.4686509668827057, 0.277131587266922, 0.19481100142002106, 0.14019416272640228, 0.11045727878808975, 0.08921334147453308, 0.07596062868833542, 0.06737975031137466, 0.05743984133005142], "accuracy": [0.5955615639686584, 0.852806031703949, 0.9116864800453186, 0.9364535212516785, 0.9536809325218201, 0.9637385010719299, 0.9705384373664856, 0.9751760363578796, 0.9773241281509399, 0.9812931418418884], "val_loss": [0.5813806056976318, 0.29192614555358887, 0.2289724498987198, 0.1661006063222885, 0.18714222311973572, 0.11822718381881714, 0.18863597512245178, 0.13317599892616272, 0.12359890341758728, 0.11123988032341003], "val_accuracy": [0.8172091841697693, 0.9055884480476379, 0.9248805046081543, 0.9470179677009583, 0.9410425424575806, 0.9618711471557617, 0.94514000415802, 0.9603915214538574, 0.961586594581604, 0.966765284538269]}
